{"cameraMode":{"drawMode":0,"name":"Shaded","section":"Shading Mode"},"sceneLighting":true,"audioPlay":false,"sceneViewState":{"showFog":true,"showMaterialUpdate":false,"showSkybox":true,"showFlares":true,"showImageEffects":true,"showParticleSystems":true},"in2DMode":false,"pivot":{"x":-0.031982421875,"y":3.44091796875,"z":0.08203125},"rotation":{"x":0.12789925932884217,"y":0.15699689090251923,"z":-0.020509107038378717,"w":0.9790675044059753},"size":8.732148170471192,"orthographic":true}