{"cameraMode":{"drawMode":0,"name":"Shaded","section":"Shading Mode"},"sceneLighting":true,"audioPlay":false,"sceneViewState":{"showFog":true,"showMaterialUpdate":false,"showSkybox":true,"showFlares":true,"showImageEffects":true,"showParticleSystems":true},"in2DMode":false,"pivot":{"x":-0.031982421875,"y":3.44091796875,"z":0.08203125},"rotation":{"x":0.12789924442768098,"y":0.15699687600135804,"z":-0.020509105175733568,"w":0.9790674448013306},"size":10.519326210021973,"orthographic":true}