{"cameraMode":{"drawMode":0,"name":"Shaded","section":"Shading Mode"},"sceneLighting":true,"audioPlay":false,"sceneViewState":{"showFog":true,"showMaterialUpdate":false,"showSkybox":true,"showFlares":true,"showImageEffects":true,"showParticleSystems":true},"in2DMode":false,"pivot":{"x":1.0331039428710938,"y":1.44140625,"z":1.4732666015625},"rotation":{"x":0.19121816754341126,"y":0.13934312760829926,"z":-0.027434566989541055,"w":0.9712191224098206},"size":8.551833152770996,"orthographic":true}