{"cameraMode":{"drawMode":0,"name":"Shaded","section":"Shading Mode"},"sceneLighting":true,"audioPlay":false,"sceneViewState":{"showFog":true,"showMaterialUpdate":false,"showSkybox":true,"showFlares":true,"showImageEffects":true,"showParticleSystems":true},"in2DMode":false,"pivot":{"x":-1.363356590270996,"y":1.6593859195709229,"z":-5.731823921203613},"rotation":{"x":0.20821398496627809,"y":0.5299864411354065,"z":-0.136116623878479,"w":0.8106995224952698},"size":3.747354030609131,"orthographic":true}