{"cameraMode":{"drawMode":0,"name":"Shaded","section":"Shading Mode"},"sceneLighting":true,"audioPlay":false,"sceneViewState":{"showFog":true,"showMaterialUpdate":false,"showSkybox":true,"showFlares":true,"showImageEffects":true,"showParticleSystems":true},"in2DMode":false,"pivot":{"x":0.02185867726802826,"y":3.585639238357544,"z":-4.058640003204346},"rotation":{"x":0.26589569449424746,"y":0.17661651968955995,"z":-0.049621500074863437,"w":0.9463846683502197},"size":13.63313102722168,"orthographic":true}